{
  "Post_Request" : {
    "transaction" : "Post_Request",
    "sampleCount" : 1,
    "errorCount" : 0,
    "errorPct" : 0.0,
    "meanResTime" : 275.0,
    "medianResTime" : 275.0,
    "minResTime" : 275.0,
    "maxResTime" : 275.0,
    "pct1ResTime" : 275.0,
    "pct2ResTime" : 275.0,
    "pct3ResTime" : 275.0,
    "throughput" : 3.6363636363636362,
    "receivedKBytesPerSec" : 4.389204545454545,
    "sentKBytesPerSec" : 0.7066761363636364
  },
  "Get_Request" : {
    "transaction" : "Get_Request",
    "sampleCount" : 1,
    "errorCount" : 0,
    "errorPct" : 0.0,
    "meanResTime" : 664.0,
    "medianResTime" : 664.0,
    "minResTime" : 664.0,
    "maxResTime" : 664.0,
    "pct1ResTime" : 664.0,
    "pct2ResTime" : 664.0,
    "pct3ResTime" : 664.0,
    "throughput" : 1.5060240963855422,
    "receivedKBytesPerSec" : 1.6810405685240963,
    "sentKBytesPerSec" : 0.22649190512048192
  },
  "Total" : {
    "transaction" : "Total",
    "sampleCount" : 3,
    "errorCount" : 0,
    "errorPct" : 0.0,
    "meanResTime" : 414.0,
    "medianResTime" : 303.0,
    "minResTime" : 275.0,
    "maxResTime" : 664.0,
    "pct1ResTime" : 664.0,
    "pct2ResTime" : 664.0,
    "pct3ResTime" : 664.0,
    "throughput" : 2.3771790808240887,
    "receivedKBytesPerSec" : 2.795042591125198,
    "sentKBytesPerSec" : 0.426375544770206
  },
  "Put_Request" : {
    "transaction" : "Put_Request",
    "sampleCount" : 1,
    "errorCount" : 0,
    "errorPct" : 0.0,
    "meanResTime" : 303.0,
    "medianResTime" : 303.0,
    "minResTime" : 303.0,
    "maxResTime" : 303.0,
    "pct1ResTime" : 303.0,
    "pct2ResTime" : 303.0,
    "pct3ResTime" : 303.0,
    "throughput" : 3.3003300330033003,
    "receivedKBytesPerSec" : 3.9739325495049505,
    "sentKBytesPerSec" : 0.6381497524752475
  }
}